0106 49 00;Кліщі, нематоди та комахи;fito
601;"Цибулини, бульби, кореневі бульби, бульбоцибулини, кореневища, включаючи розгалужені кореневища, у стані вегетативного спокою, у стані вегетації або цвітіння; саджанці, рослини та корені цикорію, крім коренів товарної позиції 1212";fito
602;Інші живі рослини (включаючи їх коріння), живці та підщепи, міцелій грибів;fito
603;Зрізані квітки та пуп’янки, придатні для складення букетів або для декоративних цілей, свіжі, засушені (крім вибілених, пофарбованих, просочених або оброблених іншим способом);fito
604;Листя, гiлки та iншi частини рослин, без квiток або пуп’янків, трави, мохи та лишайники, придатні для складення букетiв або для декоративних цілей, свiжі, засушені (крім вибiлених, пофарбованих, просочених або оброблених iншим способом);fito
701;Картопля, свіжа або охолоджена;fito
0702 00 00 00;Помідори, свіжі або охолоджені;fito
703;Цибуля ріпчаста, цибуля-шалот, часник, цибуля-порей та інші цибулинні овочі, свіжі або охолоджені;fito
704;Капуста головчаста, капуста цвiтна, капуста броколi, кольрабі, капуста листова та аналогiчнi їстiвнi овочi роду Brassica, свiжi або охолодженi;fito
705;Салат-латук (Lactuca sativa) і цикорій (Cichorium spp.), свіжі або охолоджені;fito
706;Морква, ріпа, столові буряки, солодкий корінь, редька, селера коренева та аналогічні їстівні коренеплоди, свіжі або охолоджені;fito
0707 00;Огірки, корнішони, свіжі або охолоджені;fito
708;Бобові овочі, лущені або нелущені, свіжі або охолоджені;fito
709;Інші овочі, свіжі або охолоджені (крім грибів і трюфелів);fito
0712 90 11 00;Цукрова кукурудза (Zea mays var. saccharata) гібрид для сівби;fito
0712 90 19 00;Цукрова кукурудза (Zea mays var. saccharata) інша;fito
713;Овочі бобові, сушені, лущені, очищені або неочищені від насіннєвої оболонки, подрібнені або неподрібнені;fito
714;"Маніок, маранта, салеп, топінамбур, солодка картопля, або батат, аналогічні коренеплоди чи бульби з високим вмістом крохмалю або інуліну, свіжі, охолоджені (крім морожених або сушених, цілих чи порізаних у вигляді гранул або скибок; крім серцевини сагової пальми)";fito
801;Горіхи кокосові, бразильські, кеш’ю, свіжі або сушені, очищені від шкаралупи або неочищені, з шкіркою або без шкірки;fito
802;Інші горіхи, свіжі або сушені, очищені від шкаралупи або неочищені, з шкіркою або без шкірки;fito
803;Банани, включаючи плантайни, свіжі або сушені;fito
804;Фініки, інжир, ананаси, авокадо, гуаява, манго та мангостани, свіжі або сушені;fito
805;Цитрусові, свіжі або сушені;fito
806;Виноград, свіжий або сушений;fito
807;Дині, кавуни і папая, свіжі;fito
808;Яблука, груші та айва, свіжі;fito
809;Абрикоси, вишні та черешні, персики (включаючи нектарини), сливи і терен, свіжі;fito
810;Інші плоди, свіжі;fito
813;"Плоди сушені, крім тих, що включені до товарних позицій 0801-0806; суміші горіхів або сушених плодів групи 08";fito
0814 00 00 00;Шкірки цитрусових або динь (включаючи шкірки кавунів), свіжі (крім морожених, сушених або консервованих для тимчасового зберігання в розсолі, сірчаній воді або іншому розчині, що забезпечує їх тимчасову консервацію);fito
0901 11 00;Кава несмажена з кофеїном;fito
0901 12 00 00;Кава несмажена без кофеїну;fito
0903 00 00 00;Мате, або парагвайський чай (крім розфасованого у вакуумну або металеву упаковку);fito
904;"Перець роду Piper; стручковий перець роду Capsicum або пахучий перець роду Pimenta, сушені або подрібнені чи мелені";fito
906;Кориця та квіти коричного дерева;fito
907;Гвоздика (цілі плоди, квітки та квітконіжки);fito
908;Горіх мускатний, мацис і кардамон;fito
909;"Насіння анісу, бодяну, фенхелю, коріандру, куміну, кмину; ягоди ялівцю";fito
910;Імбир, шафран, турмерик (куркума), чебрець, лаврове листя, каррі та інші прянощі;fito
1001;Пшениця і суміш пшениці та жита (меслин);fito
1002;Жито;fito
1003;Ячмінь;fito
1004;Овес;fito
1005;Кукурудза;fito
1006;Рис;fito
1007;Сорго зернове;fito
1008;"Гречка, просо та насіння канаркової трави; інші зернові культури";fito
1101 00;Борошно пшеничне або із суміші пшениці та жита (меслину);fito
1102;Борошно із зерна інших зернових культур, крім пшеничного або із суміші пшениці та жита (меслину);fito
1103;Крупи, крупка та гранули із зерна зернових культур;fito
1104;"Зерно зернових культур, оброблене iншими способами (наприклад, лущене, плющене, у вигляді пластiвців, обрушене, різане (ядро) або подрібнене), за винятком рису товарної позицiї 1006; зародки зерна зернових культур, цiлi, плющенi, у вигляді пластiвців або меленi";fito
1106;Борошно, крупи та порошок із сушених бобових овочів товарної позиції 0713 (крім із саго або з коренеплодів чи бульбоплодів товарної позиції 0714 або продуктів групи 08);fito
1107 10;Солод необсмажений;fito
1201;Соєві боби, подрібнені або неподрібнені;fito
1202;Арахіс, несмажений або не приготовлений іншим способом, лущений або нелущений, подрібнений або неподрібнений;fito
1203 00 00 00;Копра;fito
1204 00;Насіння льону, подрібнене або неподрібнене;fito
1205;Насіння свиріпи або ріпаку, подрібнене або неподрібнене;fito
1206 00;Насіння соняшнику, подрібнене або неподрібнене;fito
1207;Насіння та плоди інших олійних культур, подрібнені або неподрібнені;fito
1208;Борошно з насіння чи плодів олійних культур, крім борошна з гірчиці;fito
1209;Насіння, плоди та спори для сівби;fito
1210;Шишки хмелю, свіжі або сухі, подрібнені або неподрібнені, розмелені або у вигляді гранул (крім лупуліну);fito
1211;Рослини, частини рослин, насiння та плоди, які використовуються в основному в парфумерiї, медицинi або для боротьби з комахами, паразитами тощо, свiжi або сушені, порiзанi або непорiзанi, подрiбненi або неподрiбненi, меленi або немеленi;fito
1212;"Плоди ріжкового дерева, цукрові буряки та цукрова тростина, свіжі, охолоджені (крім морожених або сушених, подрібнених або неподрібнених); кісточки, ядра плодів та інші продукти рослинного походження (включаючи несмажені корені цикорію виду Cichorium intybus sativum), які використовуються в основному для харчових цілей, в іншому місці не зазначені, крім товарних підкатегорій 1212 21 00 00 і 1212 29 00 00";fito
1213 00 00 00;Солома та полова зернових, необроблені, подрібнені або неподрібнені, мелені або немелені, пресовані або у вигляді гранул;fito
1214;Бруква кормова, буряк кормовий (мангольд), кормовi коренеплоди, сiно, люцерна, конюшина, еспарцет, капуста кормова, люпин, вика та аналогічні кормовi продукти, гранульовані або негранульовані;fito
1401;Матерiали рослинного походження (наприклад, бамбук, iндiйська тростина, або ротанг, тростина, очерет, лоза, рафiя, очищена, вибiлена або пофарбована солома злакiв, липова кора), що використовуються в основному для плетіння;fito
1404;Матеріали рослинного походження, в іншому місці не зазначені;fito
1801 00 00 00;Какао-боби, цілі або розмелені, сирі або смажені;fito
1802 00 00 00;Шкаралупи, шкірки (лушпайки) та інші відходи какао;fito
2302;Висівки, кормове борошно та інші відходи та залишки від просіювання, помелу або інших способів обробки зерна зернових чи бобових культур, гранульовані чи негранульовані;fito
2308 00;Продукти рослинного походження та рослинні відходи, рослинні залишки і побічні продукти, негранульовані або гранульовані, що використовуються для годівлі тварин, в іншому місці не зазначені (крім вичавок із яблук і виноградних вичавок);fito
2401;"Тютюнова сировина; тютюнові відходи";fito
2530 90 00 00;Ґрунт;fito
2703 00 00 00;Торф (включаючи торф’яний дрібняк), агломерований або неагломерований;fito
3002 90 50 00,;Живі фітопатогенні бактерії, грибки та віруси рослин;fito
3002 90 90 00;;fito
4401;"Деревина паливна у вигляді колод, полін, хмизу, гілок, сучків тощо; деревна тріска або стружка; тирса, тріска, стружка, уламки та відходи деревини та скрап, агломеровані або неагломеровані, у вигляді колод, полін тощо (крім брикетів і гранул)";fito
4403;Лісоматеріали необроблені, з видаленою або невидаленою корою або заболонню, або начорно брусовані або небрусовані (крім товарної позиції 4403 10 00 00);fito
4404;"Деревина бондарна; колоди колоті; палі, кілки, стовпи загострені з дерева, але не розпиляні уздовж; лісоматеріали, начорно обтесані, але не обточені, не вигнуті або не оброблені іншим способом, що використовуються для виробництва ціпків, парасольок, ручок для інструментів або подібних виробів; деревина лущена та аналогічна";fito
4406 10 00 00;Шпали дерев’яні для залізничних або трамвайних колій, непросочені;fito
4407;Лісоматеріали розпиляні або розколоті уздовж, розділені на шари або лущені, стругані або нестругані, шліфовані або нешліфовані, які мають або не мають торцеві з’єднання, завтовшки більш як 6 мм (для партії товару);fito
4407*;Лісоматеріали розпиляні або розколоті уздовж, розділені на шари або лущені, стругані або нестругані, шліфовані або нешліфовані, які мають або не мають торцеві з’єднання, завтовшки більш як 6 мм (як супровідний дерев’яний пакувальний матеріал для товарів);fito
4409;Пилопродукція з деревини (включаючи дощечки та фриз для паркетного покриття підлоги, незібрані) у вигляді профільованого погонажу (з гребенями, пазами, шпунтовані, із стесаними краями, з’єднанням у вигляді напівкруглого калювання, фасонні, закруглені тощо) уздовж будь-яких країв або площин, стругані або нестругані, шліфовані або нешліфовані, що мають або не мають торцеві з’єднання;fito
4415;"Ящики, коробки, пакувальні корзини, барабани та аналогічна тара з деревини; дерев’яні барабани (котушки) для кабелів; піддони, піддони з бортами та інші дерев’яні завантажувальні щити; обичайки дерев’яні (для партії товару)";fito
4415*;"Ящики, коробки, пакувальні корзини, барабани та аналогічна тара з деревини; дерев’яні барабани (котушки) для кабелів; піддони, піддони з бортами та інші дерев’яні завантажувальні щити; обичайки дерев’яні (як супровідний дерев’яний пакувальний матеріал для товарів)";fito
4416 00 00 00;Бочки, барила, чани, дiжки, iншi бондарнi вироби та їх частини з деревини, включаючи клепку;fito
5101 11 00 00;Вовна, немита, стрижена;fito
5201 00;Бавовна, не піддана кардо- та гребенечесанню;fito
5301;"Волокно лляне, оброблене чи необроблене, але непрядене; пачоси та відходи льону (включаючи прядильні відходи та обтіпану сировину)";fito
9406 00 20 00;Конструкцiї будiвельнi збiрнi з дерева;fito
9705 00 00 00;Виключно колекції та предмети колекціонування з акарології, гельмінтології, ентомології, паразитології та ботаніки;fito
601;"Цибулини, бульби, кореневі бульби, бульбоцибулини, кореневища, включаючи розгалужені кореневища, у стані вегетативного спокою, у стані вегетації або цвітіння; саджанці, рослини та корені цикорію";fito
602;Інші живі рослини (включаючи їх коріння), живці та підщепи;fito
0701 10 00 00;Картопля насіннєва;fito
0703 10 11 00;Цибуля ріпчаста насіннєва;fito
0703 10 90 00;Цибуля-шалот для сівби;fito
0703 20 00 00;Часник насіннєвий;fito
0703 90 00 00;Цибуля-порей та інші цибулинні овочі для сівби;fito
0712 90 11 00;Цукрова кукурудза (Zea mays var. saccharata) гібрид для сівби;fito
0712 90 19 00;Цукрова кукурудза (Zea mays var. saccharata) інша для сівби;fito
0713 10 10 00;Горох (Pisum sativum) для сівби;fito
0713 20 00 00;Турецький горох (нут) для сівби;fito
0713 33 10 00;Квасоля звичайна, включаючи білу дрібну квасолю (Phaseolus vulgaris), для сівби;fito
0713 40 00 00;Сочевиця для сівби;fito
0713 50 00 00;Боби кормові або кінські, великонасіннєві (Vicia faba var. Major) і боби кормові або кінські, дрібнонасіннєві (Vicia faba var. equina, Vicia faba var. Minor);fito
0713 35 00 00;Коров’ячий горох (Vigna unguiculata (L.), включаючи вигну китайську (Vigna var. sinensis (L.), вигну африканську (Vigna var. cylindricus stiсrm), вигну спаржеву (Vigna var. sesquipedalis (U.);fito
1001 11 00 00;Пшениця тверда насіннєва;fito
1001 91;Пшениця і суміш пшениці та жита (меслин) насіннєві;fito
1002 10 00 00;Жито насіннєве;fito
1003 10 00 00;Ячмінь насіннєвий;fito
1004 10 00 00;Овес насіннєвий;fito
1005 10;Кукурудза насіннєва;fito
1006 10 10 00;Рис для сівби;fito
1007 10;Сорго зернове насіннєве;fito
1008 10 00 00;Гречка для сівби;fito
1008 21 00 00;Просо насіннєве;fito
1008 30 00 00;Насіння канаркової трави для сівби;fito
1008 40 00 00;Пальчатка (росичка) (Digitaria spp.) для сівби;fito
1008 50 00 00;Кіноа, або рисова лобода (Chenopodium quinoa), для сівби;fito
1008 60 00 00;Тритикале для сівби;fito
1008 90 00;Зернові культури для сівби;fito
1201 10 00 00;Соєві боби для сівби;fito
1202 30 00;Арахіс нелущений для сівби;fito
1204 00 10 00;Насіння льону для сівби;fito
1205 10 10 00;Насіння свиріпи або ріпаку з низьким вмістом ерукової кислоти для сівби;fito
1205 90 00 10;Насіння свиріпи або ріпаку з високим вмістом ерукової кислоти для сівби;fito
1206 00 10 00;Насіння соняшнику для сівби;fito
1207 10 00 00;Горіхи та ядра пальм для сівби;fito
1207 21 00 00;Насіння бавовнику для сівби;fito
1207 30 00 00;Насіння рицини для сівби;fito
1207 40 10 00;Насіння кунжуту для сівби;fito
1207 50 10 00;Насіння гірчиці для сівби;fito
1207 60 00 00;Насіння сафлору (Carthamus tinctorius) для сівби;fito
1207 70 00 00;Насіння дині для сівби;fito
1207 91 10 00;Насіння маку для сівби;fito
1207 99 20 00;Насіння та плоди олійних культур для сівби;fito
1209;Насіння, плоди та спори для сівби;fito
101;Коні, віслюки, мули та лошаки, живі;vetsan
102;Велика рогата худоба, жива;vetsan
103;Свині, живі;vetsan
104;Вівці та кози, живі;vetsan
105;Свійська птиця, тобто кури свійські (Gallus domesticus), качки, гуси, індики та цесарки, живі;vetsan
106;Інші тварини, живі;vetsan
301;Жива риба;vetsan
407;Запліднені яйця птахів для інкубації;vetsan
2935 00;Сульфонаміди, що використовуються у ветеринарній медицині та тваринництві;vetsan
2936;Провітаміни та вітаміни, що використовуються у ветеринарній медицині та тваринництві, природні або одержані в результаті синтезу (включаючи природні концентрати), їх похідні, що використовуються переважно як вітаміни, суміші цих речовин, у тому числі розчинені або не розчинені в будь-якому розчиннику;vetsan
2937;"Гормони, простагландини, тромбоксани та лейкотриєни, що використовуються у ветеринарній медицині та тваринництві, природні або одержані в результаті синтезу; їх похідні і структурні аналоги, у тому числі із ланцюговими модифікованими поліпептидами, що використовуються переважно як гормони";vetsan
2941;Антибіотики, що використовуються у ветеринарній медицині та тваринництві;vetsan
3003 10 00 00;Лікарські засоби (ліки) (крім товарів, включених до товарних позицій 3002, 3005 або 3006), що використовуються у ветеринарній медицині та тваринництві та складаються із суміші двох або більше продуктів для терапевтичного або профілактичного застосування, але не в дозованому вигляді і не розфасовані для роздрібної торгівлі, що містять пеніциліни або їх похідні, які мають структуру пеніциланової кислоти, або стрептоміцини чи їх похідні;vetsan
3003 20 00 00;Лікарські засоби (ліки) (крім товарів, включених до товарних позицій 3002, 3005 або 3006), що використовуються у ветеринарній медицині та тваринництві та складаються із суміші двох або більше продуктів для терапевтичного або профілактичного застосування, але не в дозованому вигляді і не розфасовані для роздрібної торгівлі, що містять інші антибіотики;vetsan
3004 10 00 00;Лікарські засоби (ліки) (крім товарів, включених до товарних позицій 3002, 3005 або 3006), що використовуються у ветеринарній медицині та тваринництві та складаються із змішаних або незмішаних продуктів для терапевтичного або профілактичного застосування, у дозованому вигляді (включаючи лікарські засоби у вигляді трансдермальних систем) або розфасовані для роздрібної торгівлі, що містять пеніциліни або їх похідні, які мають структуру пеніциланової кислоти, або із вмістом стрептоміцинів чи їх похідних;vetsan
3004 20 00 00;Лікарські засоби (ліки) (крім товарів, включених до товарних позицій 3002, 3005 або 3006), що використовуються у ветеринарній медицині та тваринництві та складаються із змішаних або незмішаних продуктів для терапевтичного або профілактичного застосування, у дозованому вигляді (включаючи лікарські засоби у вигляді трансдермальних систем) або розфасовані для роздрібної торгівлі, що містять інші антибіотики;vetsan
3004 50 00 00;Інші лікарські засоби, що використовуються у ветеринарній медицині та тваринництві та містять вітаміни або інші сполуки товарної позиції 2936;vetsan
9508;Тварини живі у складі атракціонів, пересувних цирків, пересувних звіринців, пересувних театрів;vetsan
201;М’ясо великої рогатої худоби, свіже або охолоджене;vet
202;М’ясо великої рогатої худоби, морожене;vet
203;Свинина, свіжа, охолоджена або морожена;vet
204;Баранина або козлятина, свіжа, охолоджена або морожена;vet
0205 00;М’ясо коней, віслюків, мулів або лошаків, свіже, охолоджене або морожене;vet
206;Субпродукти їстівні великої рогатої худоби, свиней, овець, кiз, коней, вiслюкiв, мулiв або лошакiв, свiжi, охолодженi або мороженi;vet
207;М’ясо та їстівні субпродукти свійської птиці, зазначеної в товарній позиції 0105, свіжі, охолоджені або морожені;vet
208;Інші м’ясо та їстівні субпродукти, свіжі, охолоджені або морожені;vet
209;Сало (підшкірний жир) без пiсних частин, свинячий жир і жир свiйської птицi, не витопленi та не видiленi iншим способом, свiжi, охолодженi, мороженi, соленi або в розсолi, сушенi або копченi;vet
210;"М’ясо та їстівні м’ясні субпродукти, солоні або в розсолі, сушені або копчені; їстівне борошно з м’яса або м’ясних субпродуктів";vet
302;Риба свіжа або охолоджена, крім рибного філе та іншого м’яса риб товарної позиції 0304;vet
303;Риба морожена, крім рибного філе та іншого м’яса риб товарної позиції 0304;vet
304;Філе рибне та інше м’ясо риб (включаючи фарш), свіже, охолоджене або морожене;vet
305;"Риба сушена, солона або в розсолі; риба гарячого або холодного копчення; рибні борошно, порошок і гранули, придатні для харчування";vet
306;"Ракоподiбнi, у панцирі або без панцира, живi, свiжi, охолодженi, мороженi, сушенi, солонi або в розсолi; копчені ракоподiбнi, у панцирі або без панцира, гарячого або холодного копчення; ракоподібні у панцирі, варенi у водi або на парі, охолодженi або неохолодженi, мороженi, сушенi, солонi або в розсолi; борошно, порошок та гранули з ракоподiбних, придатнi для харчування";vet
307;"Молюски, у черепашці або без черепашки, живi, свiжi, охолодженi, мороженi, сушенi, солонi або в розсолi; копчені молюски, у черепашці або без черепашки, гарячого або холодного копчення; борошно, порошок і гранули з молюсків, придатні для харчування";vet
308;"Водяні безхребетні, крім ракоподібних і молюсків, свіжі, охолоджені, морожені, сушені, солоні, в розсолі або копчені, гарячого або холодного копчення; борошно, порошок і гранули з водяних безхребетних даної товарної позиції, придатні для харчування";vet
401;Молоко та вершки, незгущені та без додання цукру чи інших підсолоджувальних речовин;vet
402;Молоко та вершки, згущені або з доданням цукру чи інших підсолоджувальних речовин;vet
403;Маслянка, коагульовані молоко та вершки, йогурт, кефір та інші ферментовані або сквашені (бактеріальними заквасками) молоко та вершки, згущені або незгущені, з доданням або без додання цукру чи інших підсолоджувальних речовин, ароматизовані чи неароматизовані, з доданням або без додання фруктів, горіхів чи какао;vet
404;"Молочна сироватка, згущена або незгущена, з доданням чи без додання цукру чи інших підсолоджувальних речовин; продукти, що складаються з натуральних компонентів молока, з доданням або без додання цукру чи інших підсолоджувальних речовин, в іншому місці не зазначені";vet
405;"Масло вершкове та інші жири, вироблені з молока; молочні пасти";vet
406;Сири всіх видів і кисломолочний сир;vet
407;Яйця птахів у шкаралупi, свiжi, консервованi або варенi, окрім запліднених яєць для інкубації;vet
408;Яйця птиці без шкаралупи та яєчні жовтки, свіжі, сушені, варені у воді або на парі, формовані, морожені або консервовані іншим способом, з доданням чи без додання цукру чи інших підсолоджувальних речовин;vet
0409 00 00 00;Мед натуральний;vet
0410 00 00 00;Їстівні продукти тваринного походження, в іншому місці не зазначені;vet
0502 10 00 00;Щетина свійських або диких свиней та відходи щетини;vet
0504 00 00 00;Кишки, сечові міхури та шлунки тварин, цілі та шматками, крім риб’ячих, свіжі, охолоджені, морожені, солоні або в розсолі, сушені або копчені;vet
505;"Шкурки та інші частини птахів, укриті пір’ям або пухом, пір’я, частини пір’я (обрізані чи необрізані) і пух, очищені або неочищені, дезінфіковані чи оброблені з метою їх збереження, але які не пройшли подальшої обробки; порошок і відходи пір’я або частини пір’я (крім обробленого декоративного пір’я, обробленого пір’я, що перевозиться для особистого використання, та вантажів з обробленим пір’ям, що пересилаються для використання у непромислових цілях)";vet
506;"Кістки та роговий стрижень, необроблені, знежирені, які пройшли первинну обробку (але без надання форми), оброблені кислотою або дежелатиновані; порошок і відходи цих продуктів";vet
507;"Слонова кiстка, черепаховий панцир, вус китовий (включаючи бахрому) або iнших морських ссавцiв, роги, роги оленя, копита, нiгтi, кiгтi та дзьоби, необробленi або пiдданi первиннiй обробцi, але без надання форми; порошок і вiдходи цих матерiалiв";vet
0508 00 00 00;Виключно порожні черепашки та панцирі для використання у виробництві харчових продуктів або як сировина для глюкозаміну, черепашки та раковини, включаючи скелетні пластини каракатиць, що містять м’які тканини або м’ясо;vet
0510 00 00 00;Виключно залози, інші продукти тваринного походження та жовч;vet
511;"Продукти тваринного походження, в іншому місці не зазначені; мертвi тварини групи 01 або 03, непридатні для вживання";vet
0602 90 10 00;Виключно міцелій грибів, що містить перероблений гній тваринного походження;vet
0701**;Картопля, свіжа або охолоджена (крім насіннєвої);vet
0702 00 00 00**;Помідори, свіжі або охолоджені;vet
0703**;Цибуля ріпчаста, цибуля-шалот, часник, цибуля-порей та інші цибулинні овочі, свіжі або охолоджені (крім цибулі ріпчастої насіннєвої);vet
0704**;Капуста головчаста, капуста цвiтна, капуста броколi, кольрабі, капуста листова та аналогiчнi їстiвнi овочi роду Brassica, свiжi або охолодженi;vet
0705**;Салат-латук (Lactuca sativa) і цикорій (Cichorium spp.), свіжі або охолоджені;vet
0706**;Морква, ріпа, столові буряки, солодкий корінь, редька, селера коренева та аналогічні їстівні коренеплоди, свіжі або охолоджені;vet
0707 00**;Огірки, корнішони, свіжі або охолоджені;vet
0708**;Бобові овочі, лущені або нелущені, свіжі або охолоджені;vet
0709**;Інші овочі, свіжі або охолоджені;vet
0710**;Овочі (сирі або варені у воді чи на парі), морожені;vet
0711**;Овочі, консервовані для тимчасового зберігання (наприклад, діоксидом сірки, у розсолі, сірчаній воді або іншому розчині, що забезпечує їх тимчасову консервацію), але в такому вигляді непридатні для безпосереднього використання в їжу;vet
0712**;Овочі сушені, цілі, нарізані шматками, скибками, подрібнені чи у вигляді порошку, але без будь-якої подальшої обробки;vet
0713**;Овочі бобові сушені, лущені, очищені або неочищені від насіннєвої оболонки, подрібнені або неподрібнені (крім призначених для сівби);vet
0714**;"Манiок, маранта, салеп, топiнамбур, солодка картопля, або батат, аналогiчнi коренеплоди чи бульби з високим вмiстом крохмалю або iнулiну, свiжi, охолодженi, мороженi або сушенi, цiлi чи порізані у виглядi гранул або скибок; серцевина сагової пальми";vet
0801**;Горіхи кокосові, бразильські, кеш’ю, свіжі або сушені, очищені від шкаралупи або неочищені, з шкіркою або без шкірки;vet
0802**;Інші горіхи, свіжі або сушені, очищені від шкаралупи або неочищені, з шкіркою або без шкірки;vet
0803**;Банани, включаючи плантайни, свіжі або сушені;vet
0804**;Фініки, інжир, ананаси, авокадо, гуаява, манго та мангостани, свіжі або сушені;vet
0805**;Цитрусові, свіжі або сушені;vet
0806**;Виноград, свіжий або сушений;vet
0807**;Дині, кавуни і папая, свіжі;vet
0808**;Яблука, груші та айва, свіжі;vet
0809**;Абрикоси, вишні та черешні, персики (включаючи нектарини), сливи і терен, свіжі;vet
0810**;Інші плоди, свіжі;vet
0811**;Плоди та горіхи, сирі або варені у воді чи на парі, морожені, з доданням або без додання цукру чи інших підсолоджувальних речовин;vet
0812**;Плоди та горіхи, консервовані для тимчасового зберігання (наприклад, діоксидом сірки, або в розсолі, сірчаній воді або іншому розчині, що забезпечує їх тимчасову консервацію), але в такому вигляді непридатні для безпосереднього використання в їжу;vet
0813**;"Плоди сушені, крім тих, що включені до товарних позицій 0801-0806; суміші горіхів або сушених плодів групи 08";vet
0814 00 00 00**;Шкiрки цитрусових або динь (включаючи шкірки кавунів), свiжi, мороженi, сушені або консервовані для тимчасового зберігання в розсолі, сірчаній воді або іншому розчині, що забезпечує їх тимчасову консервацію;vet
0901**;"Кава, смажена, з кофеїном або без кофеїну; кавова шкаралупа та оболонки зерен кави; замінники кави з вмістом кави в будь-якій пропорції";vet
0902**;Чай, ароматизований чи неароматизований;vet
0903 00 00 00**;Мате, або парагвайський чай;vet
0904**;"Перець роду Piper; стручковий перець роду Capsicum або пахучий перець роду Pimenta, сушені або подрібнені чи мелені";vet
0905**;Ваніль;vet
0906**;Кориця та квіти коричного дерева;vet
0907**;Гвоздика (цілі плоди, квітки та квітконіжки);vet
0908**;Горіх мускатний, мацис і кардамон;vet
0909**;"Насіння анісу, бодяну, фенхелю, коріандру, куміну, кмину; ягоди ялівцю";vet
0910**;Імбир, шафран, турмерик (куркума), чебрець, лаврове листя, каррі та інші прянощі;vet
1001**;Пшениця і суміш пшениці та жита (меслин) (крім насіннєвої);vet
1002**;Жито (крім насіннєвого);vet
1003**;Ячмінь (крім насіннєвого);vet
1004**;Овес (крім насіннєвого);vet
1005**;Кукурудза (крім насіннєвої);vet
1006**;Рис (крім рису у плівці (рису-сирцю) для сівби);vet
1007**;Сорго зернове (крім насіннєвого);vet
1008**;"Гречка, просо та насіння канаркової трави; інші зернові культури (крім насіннєвих)";vet
1101 00**;Борошно пшеничне або із суміші пшениці та жита (меслину);vet
1102**;Борошно із зерна інших зернових культур, крім пшеничного або із суміші пшениці та жита (меслину);vet
1103**;Крупи, крупка та гранули із зерна зернових культур;vet
1104**;"Зерно зернових культур, оброблене iншими способами (наприклад, лущене, плющене, у вигляді пластiвців, обрушене, різане (ядро) або подрібнене), за винятком рису товарної позицiї 1006; зародки зерна зернових культур, цiлi, плющенi, у вигляді пластiвців або меленi";vet
1105**;Борошно, крупи, порошок, пластівці, гранули з картоплі;vet
1106**;Борошно, крупи та порошок із сушених бобових овочів товарної позиції 0713;vet
1107**;Солод, обсмажений;vet
1108**;"Крохмалі; інулін";vet
1109 00 00 00**;Клейковина пшенична, суха чи сира;vet
1201**;Соєві боби, подрібнені або неподрібнені (крім соєвих бобів для сівби);vet
1202**;Арахіс, несмажений або не приготовлений іншим способом, лущений або нелущений, подрібнений або неподрібнений (крім арахісу для сівби товарної підпозиції 1202 30 00);vet
1203 00 00 00**;Копра;vet
1204 00**;Насіння льону, подрібнене або неподрібнене (крім насіння льону для сівби);vet
1205**;Насіння свиріпи або ріпаку, подрібнене або неподрібнене (крім насіння свиріпи або ріпаку для сівби);vet
1206 00**;Насіння соняшнику, подрібнене або неподрібнене (крім насіння соняшнику для сівби);vet
1207**;Насіння та плоди інших олійних культур, подрібнені або неподрібнені (крім призначених для сівби);vet
1208**;Борошно з насіння чи плодів олійних культур, крім борошна з гірчиці;vet
1210**;Шишки хмелю, свіжі або сухі, подрібнені або неподрібнені, розмелені або у вигляді гранул;vet
1211**;Рослини, частини рослин, насiння та плоди, які використовуються в основному в парфумерiї, медицинi або для боротьби з комахами, паразитами тощо, свiжi або сушені, порiзанi або непорiзанi, подрiбненi або неподрiбненi, меленi або немеленi;vet
1212 99 95 00;Виключно бджолиний пилок;vet
1213 00 00 00;Виключно солома;vet
1214 90;Виключно сіно;vet
1302**;"Соки і екстракти рослинного походження; пектинові речовини, пектинати і пектати; агар-агар та iншi клеї і загусники рослинного походження, видозмiненi або невидозмiненi";vet
1501;Жир свинячий (включаючи лярд) і жир свійської птиці, крім жиру товарної позиції 0209 або 1503;vet
1502;Жир великої рогатої худоби, овечий або козячий, крім жиру товарної позиції 1503;vet
1503 00;Лярд-стеарин, лярд-ойль, олеостеарин, олеомаргарин (олео-ойль) і тваринне масло, неемульговані, незмішані, не приготовлені іншим способом;vet
1504;Жири і масла та їх фракції, з риби або морських ссавців, рафіновані або нерафіновані, але без зміни їх хімічного складу;vet
1505 00;Вовняний жир (жиропіт) і жирові речовини, отримувані з нього (включаючи ланолін);vet
1506 00 00 00;Інші твариннi жири і масла та їх фракцiї, рафiнованi або нерафiнованi, але без змiни їх хiмiчного складу;vet
1507**;Олія соєва та її фракції, рафіновані або нерафіновані, але без зміни їх хімічного складу (крім олії соєвої для технiчного або промислового використання);vet
1508**;Олія арахісова та її фракції, рафіновані або нерафіновані, але без зміни їх хімічного складу (крім олії арахісової для технiчного або промислового використання);vet
1509**;Олія оливкова та її фракції, рафіновані або нерафіновані, але без зміни їх хімічного складу;vet
1510 00**;Інші олiї та їх фракцiї, виробленi виключно з маслин або оливок, рафiнованi або нерафiнованi, але без змiни їх хiмiчного складу, і сумiшi цих олiй або їх фракцiй з олiями або їх фракцiями товарної позицiї 1509;vet
1511**;Олія пальмова та її фракції, рафіновані або нерафіновані, але без зміни їх хімічного складу, що призначені для виробництва продуктiв харчування;vet
1512**;Виключно олiї сафлорова або бавовняна та їх фракцiї, рафiнованi або нерафiнованi, але без змiни їх хiмiчного складу, що призначені для виробництва продуктiв харчування;vet
1513**;Олії кокосова (з копри), пальмоядрова або з бабасу та їх фракції, рафіновані або нерафіновані, але без зміни їх хімічного складу (крім олії для технiчного або промислового використання);vet
1514**;Олії свиріпова, ріпакова або гірчична та їх фракції, рафіновані або нерафіновані, але без зміни їх хімічного складу (крім олії для технiчного або промислового використання);vet
1515**;Iншi нелеткі жири і олiї рослинні (включаючи джоджобову олiю) та їх фракцiї, рафiнованi або нерафiнованi, але без змiни їх хiмiчного складу (крім олії для технiчного або промислового використання);vet
1516 10;Жири і масла твариннi та їх фракцiї;vet
1516 20**;Жири і олiї рослиннi та їх фракцiї (крім олії для технiчного або промислового використання);vet
1517;Виключно маргарин, харчові суміші або продукти з тваринних жирів, масел та олій або їх фракцій, крім харчових жирів, масел чи олій та їх фракцій товарної позиції 1516;vet
1517**;Маргарин, харчовi сумiшi або продукти з рослинних жирiв, масел та олiй або їх фракцiй, крiм харчових жирiв, масел чи олiй та їх фракцiй товарної позицiї 1516;vet
1518 00 91 00**;Жири, масла та олiї рослиннi та їх фракцiї, варенi, окисленi, зневодненi, сульфурованi, окисленi струменем повiтря, полiмеризованi нагрiванням у вакуумi або в iнертному газi або хiмiчно модифiкованi iншим способом, за винятком включених до товарної позицiї 1516;vet
1518 00 91 00;Жири, масла та олiї твариннi та їх фракцiї, варенi, окисленi, зневодненi, сульфурованi, окисленi струменем повiтря, полiмеризованi нагрiванням у вакуумi або в iнертному газi або хiмiчно модифiкованi iншим способом, за винятком включених до товарної позицiї 1516;vet
1518 00 95 00**;Нехарчові суміші та продукти з рослинних жирів, масел та олій та їх фракцій;vet
1518 00 95 00;Виключно продукти з жирів, олій і масел, топлені жири тваринного походження та їх похідні, у тому числі використана олія харчова, призначена для подальшого використання як побічний продукт тваринного походження не призначений для споживання людиною;vet
1518 00 99 00**;Інші жири, масла та олії, крім продуктів, що містять тваринні жири;vet
1518 00 99 00;Виключно продукти, що містять тваринні жири;vet
1521 90 91 00;Неочищений віск бджолиний або інших комах, рафінований чи нерафінований, забарвлений чи незабарвлений;vet
1521 90 99 00;Інший віск бджолиний або інших комах, рафінований чи нерафінований, забарвлений чи незабарвлений;vet
1522 00;Виключно продукти тваринного походження;vet
1522 00**;Виключно залишки після обробки жирових речовин або воску рослинного походження;vet
1601 00;"Ковбаси та аналогічні вироби з м’яса, м’ясних субпродуктів або крові; готові харчові продукти, виготовлені на основі цих виробів";vet
1602;Інші готові чи консервовані продукти з м’яса, м’ясних субпродуктів або крові;vet
1603 00;Екстракти та соки з м’яса, риби або ракоподібних, молюсків чи інших водяних безхребетних;vet
1604;"Готова або консервована риба; ікра осетрових (чорна ікра) та ікра інших риб (крім композитних продуктів, які відповідають умовам, визначеним частиною одинадцятою статті 41 Закону України “Про державний контроль за дотриманням законодавства про харчові продукти, корми, побічні продукти тваринного походження, здоров’я та благополуччя тварин”, а також маслин та оливок, питома вага рибного продукту в яких не перевищує 20 %)";vet
1605;Готові або консервовані ракоподібні, молюски та інші водяні безхребетні (крім композитних продуктів, які відповідають умовам, визначеним частиною одинадцятою статті 41 Закону України “Про державний контроль за дотриманням законодавства про харчові продукти, корми, побічні продукти тваринного походження, здоров’я та благополуччя тварин”);vet
1701**;Цукор з цукрової тростини або з цукрових буряків і хімічно чиста цукроза, у твердому стані;vet
1702;Виключно штучний мед, лактоза, суміші натурального та штучного меду та суміші із вмістом лактози (крім композитних продуктів, які відповідають умовам, визначеним частиною одинадцятою статті 41 Закону України “Про державний контроль за дотриманням законодавства про харчові продукти, корми, побічні продукти тваринного походження, здоров’я та благополуччя тварин”);vet
1702**;"Інші цукри; сиропи з цукрів без додання ароматичних добавок або барвників; карамелiзованi цукор і патока (крім штучного меду, лактози, сумішей натурального та штучного меду та сумішей із вмістом лактози)";vet
1703**;Патока (меляса), одержана внаслідок вилучення або рафінування цукру;vet
1704;Виключно кондитерські вироби з цукру (включаючи білий шоколад) без вмісту какао, що містять продукти тваринного походження, крім кондитерських виробів (включаючи цукерки) та шоколаду, які складаються менше ніж наполовину з переробленого молочного чи яєчного продукту та відповідають умовам, визначеним частиною одинадцятою статті 41 Закону України “Про державний контроль за дотриманням законодавства про харчові продукти, корми, побічні продукти тваринного походження, здоров’я та благополуччя тварин”;vet
1704**;Кондитерські вироби з цукру (включаючи білий шоколад) без вмісту какао, що не містять продуктів тваринного походження, а також кондитерські вироби (включаючи цукерки) та шоколад, які складаються менше ніж наполовину з переробленого молочного чи яєчного продукту та відповідають умовам, визначеним частиною одинадцятою статті 41 Закону України “Про державний контроль за дотриманням законодавства про харчові продукти, корми, побічні продукти тваринного походження, здоров’я та благополуччя тварин”;vet
1801 00 00 00**;Какао-боби, цілі або розмелені, сирі або смажені;vet
1803**;Какао-паста, знежирена або незнежирена;vet
1804 00 00 00**;Какао-масло, какао-жир;vet
1805 00 00**;Какао-порошок, без додання цукру чи інших підсолоджувальних речовин;vet
1806;Виключно шоколад та інші готові харчові продукти із вмістом какао, що містять продукти тваринного походження, крім кондитерських виробів (включаючи цукерки) та шоколаду, які складаються менше ніж наполовину з переробленого молочного чи яєчного продукту та відповідають умовам, визначеним частиною одинадцятою статті 41 Закону України “Про державний контроль за дотриманням законодавства про харчові продукти, корми, побічні продукти тваринного походження, здоров’я та благополуччя тварин”;vet
1806**;Шоколад та інші готові харчові продукти із вмістом какао, що не містять продуктів тваринного походження, а також кондитерські вироби (включаючи цукерки) та шоколад, які складаються менше ніж наполовину з переробленого молочного чи яєчного продукту та відповідають умовам, визначеним частиною одинадцятою статті 41 Закону України “Про державний контроль за дотриманням законодавства про харчові продукти, корми, побічні продукти тваринного походження, здоров’я та благополуччя тварин”;vet
1901;"Виключно готовi харчовi продукти тваринного походження з борошна, крупки, крупів, крохмалю або солодового екстракту, без вмiсту какао або із вмiстом менш як 40 мас. % какао в перерахунку на повнiстю знежирену основу, в іншому місці не зазначені; готові харчовi продукти тваринного походження iз сировини товарних позицiй 0401-0404, без вмiсту або із вмiстом какао менш як 5 мас. % у перерахунку на повнiстю знежирену основу, в іншому місці не зазначені (крім композитних продуктів, які відповідають умовам, визначеним частиною одинадцятою статті 41 Закону України “Про державний контроль за дотриманням законодавства про харчові продукти, корми, побічні продукти тваринного походження, здоров’я та благополуччя тварин”)";vet
1901**;"Екстракти солодовi; готовi харчовi продукти, що не містять продуктів тваринного походження";vet
1902**;"Виключно вироби з макаронного тіста, що не містять продуктів тваринного походження, варені або неварені, начинені або неначинені, або приготовлені iншим способом, наприклад, спагетi, макарони, локшина, ріжки, галушки, равіолі, канелоні; кускус, готовий або не готовий до вживання";vet
1902 11 00 00;Вироби з макаронного тiста, неначиненi, неваренi або не приготовленi iншим способом, із вмістом яєць;vet
1902 19;Виключно вироби з макаронного міста, що містять продукти тваринного походження, крім макаронних виробів і локшини, які не начинені м’ясним продуктом, а також виробів, які складаються менше ніж наполовину з переробленого молочного чи яєчного продукту;vet
1902 20 10 00;Вироби з макаронного тiста, начиненi, варенi або неваренi, або приготовленi iншим способом, із вмiстом понад 20 мас. % риби, ракоподiбних, молюскiв або iнших водяних безхребетних;vet
1902 20 30 00;Вироби з макаронного тiста, начиненi, варенi або неваренi, або приготовленi iншим способом, із вмiстом понад 20 мас. % ковбас i аналогiчних продуктiв iз м’яса та м’ясних субпродуктiв усiх видiв, включаючи жири будь-якого виду або походження;vet
1902 20 91 00;Виключно вироби з макаронного тiста, начиненi, варенi, що містять продукти тваринного походження;vet
1902 20 99 00        ;Виключно вироби з макаронного тiста, начиненi, неваренi, що містять продукти тваринного походження;vet
1902 30;Виключно вироби з макаронного тiста, що не належать до товарних підпозицій 1902 11, 1902 19 і 1902 20, які містять продукти тваринного походження, крім макаронних виробів і локшини, які не начинені м’ясним продуктом, а також виробів, які складаються менше ніж наполовину з переробленого молочного чи яєчного продукту та відповідають умовам, визначеним частиною одинадцятою статті 41 Закону України “Про державний контроль за дотриманням законодавства про харчові продукти, корми, побічні продукти тваринного походження, здоров’я та благополуччя тварин”;vet
1902 40;Виключно кускус, який містить продукти тваринного походження, крім кускусу, який складається менше ніж наполовину з переробленого молочного чи яєчного продукту та відповідає умовам, визначеним частиною одинадцятою статті 41 Закону України “Про державний контроль за дотриманням законодавства про харчові продукти, корми, побічні продукти тваринного походження, здоров’я та благополуччя тварин”;vet
1903 00 00 00**;Тапіока та її замінники, приготовлені з крохмалю, у формі пластівців, гранул, кульок, крупинок, горошин і в інших аналогічних формах;vet
1904**;"Готовi харчовi вироби, одержанi шляхом здуття або смаження зерна зернових культур або зернових продуктів (наприклад, кукурудзянi пластiвцi); зернові культури (крiм кукурудзи) у виглядi зерна або пластiвцiв, гранул чи оброблені iншим способом (за винятком борошна, крупки, крупів), попередньо проваренi або приготовленi iншим способом, в іншому місці не зазначені, крім продуктів товарних підкатегорій 1904 10 10 00 і 1904 90 10 00, що містять продукти тваринного походження";vet
1904 10 10 00;Виключно готовi харчовi вироби, одержанi шляхом здуття або смаження зерна зернових культур або зернових продуктів, виготовленi з кукурудзи, що містять продукти тваринного походження, крім композитних продуктів, які відповідають умовам, визначеним частиною одинадцятою статті 41 Закону України “Про державний контроль за дотриманням законодавства про харчові продукти, корми, побічні продукти тваринного походження, здоров’я та благополуччя тварин”;vet
1904 90 10 00;Виключно готові харчові вироби, що містять продукти тваринного походження, виготовлені з рису;vet
1905;"Виключно хлiбобулочнi, борошнянi кондитерськi вироби, із вмістом або без вмісту какао, що містять продукти тваринного походження; вафельнi пластини, порожнi капсули, придатнi для використання у фармацевтицi, вафельнi облатки для запечатування, рисовий папiр та аналогiчнi продукти, що містять продукти тваринного походження (крім хліба, тістечок, печива, вафель, вафельних облаток, сухарів, а також виробів, менше 20 % вмісту яких становлять перероблені молочні чи яєчні продукти та які відповідають умовам, визначеним частиною одинадцятою статті 41 Закону України “Про державний контроль за дотриманням законодавства про харчові продукти, корми, побічні продукти тваринного походження, здоров’я та благополуччя тварин”)";vet
1905**;"Хлiбобулочнi, борошнянi кондитерськi вироби, із вмістом або без вмісту какао, що не містять продуктів тваринного походження; вафельнi пластини, порожнi капсули, придатнi для використання у фармацевтицi, вафельнi облатки для запечатування, рисовий папiр та аналогiчнi продукти, що не містять продуктів тваринного походження";vet
2001**;Овочі, плоди та інші їстівні частини рослин, приготовлені або консервовані з доданням оцту чи оцтової кислоти, крім маслин або оливок, питома вага рибного продукту в яких становить не менше 20 %;vet
2001 90 65 00;Маслини або оливки, питома вага рибного продукту в яких становить не менше 20 %;vet
2002**;Томати, приготовлені або консервовані без додання оцту чи оцтової кислоти;vet
2003**;Гриби та трюфелі, приготовлені або консервовані без додання оцту чи оцтової кислоти;vet
2004;Інші овочі, виключно ті, що містять продукти тваринного походження, приготовлені або консервовані без додання оцту чи оцтової кислоти, морожені, крім продуктів товарної позиції 2006;vet
2004**;Інші овочі, виключно ті, що не містять продуктів тваринного походження, приготовленi або консервованi без додання оцту чи оцтової кислоти, мороженi, крiм продуктiв товарної позицiї 2006;vet
2005;Інші овочi, виключно ті, що містять продукти тваринного походження, приготовленi або консервованi без додання оцту чи оцтової кислоти, незамороженi, крiм продуктiв товарної позицiї 2006 (за винятком маслин або оливок (код 2005 70 00 00 згідно з УКТЗЕД), питома вага рибного продукту в яких становить менше 20 %);vet
2005**;Інші овочi, що не містять продуктів тваринного походження, приготовленi або консервованi без додання оцту чи оцтової кислоти, незамороженi, крiм продуктiв товарної позицiї 2006 (включаючи маслини або оливки (код 2005 70 00 00 згідно з УКТЗЕД), питома вага рибного продукту в яких становить менше 20 %);vet
2006 00**;Овочі, плоди, горіхи, шкірки плодів та інші частини рослин, консервовані з доданням цукру (глазуровані, зацукровані або просочені цукровим сиропом);vet
2007**;Варення, джеми, плодові желе, мармелад, плодові або горіхові пюре, плодові або горіхові пасти, одержані шляхом теплової обробки, з доданням або без додання цукру чи інших підсолоджувальних речовин;vet
2008**;Плоди, горіхи та інші їстівні частини рослин, приготовлені або консервовані іншим способом, з доданням або без додання цукру чи інших підсолоджувальних речовин або спирту, в іншому місці не зазначені;vet
2009**;Соки з плодів (включаючи виноградне сусло) або соки овочеві, незбродженi та без додання спирту, з доданням або без додання цукру чи iнших пiдсолоджувальних речовин;vet
2101**;"Екстракти, есенцiї та концентрати кави, чаю чи мате, або парагвайського чаю, і готовi продукти на їх основi або на основi кави, чаю чи мате, або парагвайського чаю; смажений цикорiй та iншi смаженi замiнники кави і екстракти, есенцiї та їх концентрати";vet
2102**;"Дрiжджi (активнi чи неактивнi); iншi мертвi одноклiтиннi мiкроорганiзми (крiм вакцин товарної позицiї 3002); готовi пекарськi порошки";vet
2103**;"Продукти для приготування соусів і готові соуси; смакові добавки та приправи змішані; порошок гірчиці та готова гірчиця, крім продуктів товарної підкатегорії 2103 90 90 00, що містять продукти тваринного походження";vet
2103 90 90 00;"Виключно інші продукти для приготування соусів і готові соуси, що містять продукти тваринного походження; смакові добавки та приправи змішані, що містять продукти тваринного походження";vet
2104;"Виключно супи чи бульйони, що містять продукти тваринного походження, готові та заготовки для їх приготування; гомогенізовані складені харчові продукти, що містять продукти тваринного походження, включаючи харчові продукти для немовлят в контейнерах з масою нетто не більше 250 г., крім запакованих для кінцевого споживача супів і бульйонів готових, заготовок для їх приготування (код згідно з УКТЗЕД 2104 10 00 00), гомогенiзованих складених харчових продуктів (код згідно з УКТЗЕД 2104 20 00 00), менше половини вмісту яких становлять рибні жири, порошки або екстракти та які відповідають умовам, визначеним частиною одинадцятою статті 41 Закону України “Про державний контроль за дотриманням законодавства про харчові продукти, корми, побічні продукти тваринного походження, здоров’я та благополуччя тварин”";vet
2104**;"Супи чи бульйони готовi та заготовки для їх приготування; гомогенiзованi складенi харчовi продукти, що не містять продуктів тваринного походження";vet
2105 00;Виключно морозиво та інші види харчового льоду, що містять або не містять какао та містять сире або перероблене молоко;vet
2105 00**;Морозиво та інші види харчового льоду, що містять або не містять какао та не містять сирого або переробленого молока;vet
2106**;Харчові продукти, що не містять продуктів тваринного походження, в іншому місці не зазначені;vet
2106 10;Виключно бiлковi концентрати та текстурованi бiлковi речовини, що є композитними продуктами та не відповідають умовам, визначеним частиною одинадцятою статті 41 Закону України “Про державний контроль за дотриманням законодавства про харчові продукти, корми, побічні продукти тваринного походження, здоров’я та благополуччя тварин” (крім запакованих для кінцевого споживача дієтичних добавок, що містять невелику кількість (питома вага менше 20 %) переробленого продукту тваринного походження (включаючи глюкозамін, хондроїтин та/або хітозан) іншого, ніж м’ясний продукт);vet
2106 90 92 00;Виключно харчові продукти, в іншому місці не зазначені, що містять продукти тваринного походження (крім композитних продуктів, які відповідають умовам, визначеним частиною одинадцятою статті 41 Закону України “Про державний контроль за дотриманням законодавства про харчові продукти, корми, побічні продукти тваринного походження, здоров’я та благополуччя тварин”, а також запакованих для кінцевого споживача дієтичних добавок, що містять невелику кількість (питома вага менше 20 %) переробленого продукту тваринного походження (включаючи глюкозамін, хондроїтин та/або хітозан) іншого, ніж м’ясний продукт);vet
2106 90 98;Виключно харчові продукти, в іншому місці не зазначені, інші, що містять продукти тваринного походження, наприклад, хондроїтин, глюкозамін, тваринні жири (крім композитних продуктів, які відповідають умовам, визначеним частиною одинадцятою статті 41 Закону України “Про державний контроль за дотриманням законодавства про харчові продукти, корми, побічні продукти тваринного походження, здоров’я та благополуччя тварин”, а також запакованих для кінцевого споживача дієтичних добавок, що містять невелику кількість (питома вага менше 20 %) переробленого продукту тваринного походження (включаючи глюкозамін, хондроїтин та/або хітозан) іншого, ніж м’ясний продукт);vet
2201**;"Води, включаючи природні або штучні мінеральні, газовані, без додання цукру чи інших підсолоджувальних або ароматизувальних речовин; лід і сніг";vet
2202 10 00 00**;Води, включаючи мінеральні та газовані, з доданням цукру чи інших підсолоджувальних або ароматизувальних речовин;vet
2202 90 10 00**;Інші безалкогольні напої, без вмiсту продуктiв товарних позицiй 0401-0404 або жирiв, одержаних із продуктiв товарних позицiй 0401-0404;vet
2202 90 91 00;Інші безалкогольні напої, крiм фруктових або овочевих сокiв товарної позицiї 2009, із вмiстом жирiв менш як 0,2 мас. %, одержаних з продуктiв товарних позицiй 0401-0404, що містять перероблені продукти тваринного походження, наприклад, питні йогурти із зерновими пластівцями, кавові або шоколадні напої, крім композитних продуктів, які відповідають умовам, визначеним частиною одинадцятою статті 41 Закону України “Про державний контроль за дотриманням законодавства про харчові продукти, корми, побічні продукти тваринного походження, здоров’я та благополуччя тварин”;vet
2202 90 95 00;Інші безалкогольні напої, крiм фруктових або овочевих сокiв товарної позицiї 2009, із вмiстом жирiв 0,2 мас. % або бiльше, але менш як 2 мас. %, одержаних із продуктiв товарних позицiй 0401-0404, що містять перероблені продукти тваринного походження, наприклад, питні йогурти із зерновими пластівцями, кавові або шоколадні напої, крім композитних продуктів, які відповідають умовам, визначеним частиною одинадцятою статті 41 Закону України “Про державний контроль за дотриманням законодавства про харчові продукти, корми, побічні продукти тваринного походження, здоров’я та благополуччя тварин”;vet
2202 90 99 00;Інші безалкогольні напої, крiм фруктових або овочевих сокiв товарної позицiї 2009, із вмiстом жирiв 2 мас. % або бiльше, одержаних із продуктiв товарних позицiй 0401-0404, що містять перероблені продукти тваринного походження, наприклад, питні йогурти із зерновими пластівцями, кавові або шоколадні напої, крім композитних продуктів, які відповідають умовам, визначеним частиною одинадцятою статті 41 Закону України “Про державний контроль за дотриманням законодавства про харчові продукти, корми, побічні продукти тваринного походження, здоров’я та благополуччя тварин”;vet
2203 00**;Пиво із солоду (солодове);vet
2204**;"Вина виноградні, включаючи вина кріплені; сусло виноградне, крім того, що включено до товарної позиції 2009";vet
2205**;Вермут та інше вино виноградне, з доданням рослинних або ароматичних екстрактів;vet
2206 00**;"Іншi зброджені напої (наприклад, сидр, перрi (грушевий напій), напiй медовий); суміші із зброджених напоїв і суміші зброджених напоїв із безалкогольними напоями, в іншому місці не зазначені";vet
2207**;"Спирт етиловий, неденатурований, із концентрацією спирту 80 об. % або більше; спирт етиловий та інші спиртові дистиляти та спиртні напої, одержані шляхом перегонки, денатуровані, будь-якої концентрації";vet
2208**;"Спирт етиловий, неденатурований із концентрацією спирту менш як 80 об. %; спиртові дистиляти та спиртні напої, одержані шляхом перегонки, лікери та інші напої, що містять спирт, крім тих продуктів товарної підпозиції 2208 70, що містять продукти тваринного походження";vet
2208 70;Лікери, що містять спирти, які складаються з емульсій спирту, та продукти тваринного походження, наприклад, яєчний жовток або вершки, крім композитних продуктів, які відповідають умовам, визначеним частиною одинадцятою статті 41 Закону України “Про державний контроль за дотриманням законодавства про харчові продукти, корми, побічні продукти тваринного походження, здоров’я та благополуччя тварин”;vet
2209 00**;Оцет харчовий та його замінники, одержані з оцтової кислоти;vet
2301;"Борошно, крупи та гранули з м’яса або м’ясних субпродуктiв, риби або ракоподiбних, молюскiв чи iнших водяних безхребетних, непридатнi для споживання; шкварки";vet
2302**;Висівки, кормове борошно та інші відходи та залишки від просіювання, помелу або інших способів обробки зерна зернових або бобових культур, гранульовані чи негранульовані;vet
2303**;Відходи і залишки від виробництва крохмалю та аналогічні відходи і залишки, буряковий жом, багаса (жом цукрової тростини) та інші відходи і залишки від виробництва цукру, барда та інші відходи і залишки від пивоваріння та винокуріння, гранульовані або негранульовані;vet
2304 00 00 00**;Макуха та інші тверді відходи і залишки, одержані під час вилучення соєвої олії, мелені або немелені, негранульовані або гранульовані;vet
2305 00 00 00**;Макуха та інші тверді відходи і залишки, що використовуються для годівлі тварин, одержані під час вилучення арахісової олії, мелені або немелені, негранульовані або гранульовані;vet
2306**;Макуха та інші тверді відходи і залишки, що використовуються для годівлі тварин, одержані під час добування рослинних жирів і олій, за винятком відходів товарної позиції 2304 або 2305, мелені або немелені, негранульовані або гранульовані;vet
2308 00**;Продукти рослинного походження та рослинні відходи, рослинні залишки і побічні продукти, негранульовані або гранульовані, що використовуються для годівлі тварин, в іншому місці не зазначені;vet
2309;Виключно продукти, що використовуються для годівлі тварин, що містять продукти тваринного походження та не належать до товарних категорій 2309 90 20 і 2309 90 91;vet
2309**;Продукти, що використовуються для годівлі тварин та не містять продуктів тваринного походження;vet
2835 25 00 00;Виключно гідрогенфосфат кальцію (фосфат дикальцію) тваринного походження;vet
2835 26 00 00;Виключно трикальційфосфат тваринного походження;vet
2922 49;"Виключно інші амiнокислоти та їх складнi ефiри, що містять продукти тваринного походження та використовуються як сировина для виробництва дієтичних добавок або кормів, крiм сполук, до складу яких входить бiльш як один тип кисневмісних функцiональних груп; солi цих речовин";vet
2925 29 00 00;Виключно креатин тваринного походження;vet
2930 90 13 00;Цистеїн і цистин;vet
2930 90 16 00;Похiднi цистеїну або цистину;vet
2932 99 00 00;Виключно інші сполуки гетероциклiчнi, лише з гетероатомом (атомами) кисню, тваринного походження (наприклад, глюкозамін, глюкозамін-6-фосфат та їх сульфати);vet
2942 00 00 00;Інші органічні сполуки тваринного походження;vet
3001 20 90 00;Екстракти залоз або інших органів чи їх секретів (продуктів їх секреції), інші, ніж людського походження;vet
3001 90 91 00;Гепарин та його солі;vet
3001 90 98 00;Інші речовини тваринного походження, крім гепарину та його солей, підготовлені для терапевтичного або профiлактичного застосування, в іншому місці не зазначені;vet
3002 10 10 00;Сироватки iмуннi (антисироватки) виключно тваринного походження;vet
3002 10 91 00;Гемоглобiн, глобулiни кровi i сироватковi глобулiни виключно тваринного походження;vet
3002 10 99 00;Іншi фракцiї кровi та iмунологiчні продукти, модифіковані або немодифіковані, у тому числі одержані із застосуванням біотехнологічних процесів, виключно тваринного походження;vet
3002 90 30 00;Кров тварин, приготовлена для терапевтичного, профiлактичного або дiагностичного застосування;vet
3002 90 50 00;Виключно патогени та культури патогенів;vet
3002 90 90 00;Інші патогени та культури патогенів;vet
3006 92 00 00;Фармацевтичні відходи тваринного походження та непридатні для використання фармацевтичні засоби тваринного походження;vet
3101 00 00 00;Виключно добрива тваринного походження в нерозбавленому вигляді, у тому числі гуано, крім мінералізованого гуано, а також призначені для використання як добриво суміші гною з переробленим тваринним білком;vet
3105 10 00 00;Виключно товари групи 31 у таблетках чи аналогiчних формах або в упаковках масою брутто не бiльш як 10 кг, що містять продукти тваринного походження;vet
3204;Виключно дисперсії кольору на основі молочного жиру, що використовуються для виробництва харчових продуктів або кормів;vet
3302;Виключно ароматизатори на основі молочного жиру, що використовуються для виробництва харчових продуктів і кормів;vet
3501;Виключно казеїн, призначений для споживання людиною, годування тварин або технічних цілей;vet
3502;"Виключно альбуміни (білки) (включаючи концентрати з кількох сироваткових білків із вмістом більш як 80 мас. % сироваткових білків у перерахунку на суху речовину), отримані з яєць і молока; альбумінати та інші похідні альбумінів, отримані з яєць і молока";vet
3503 00;"Желатин (включаючи вироблений у формі квадратних або прямокутних листків, з поверхневою обробкою або без обробки, забарвлений або незабарвлений), крім того, що не призначений для споживання людиною або для використання в харчовій промисловості, та його похідні; риб’ячий клей; інші клеї тваринного походження, крім казеїнових клеїв товарної позиції 3501";vet
3504 00;Виключно колаген та гідролізовані білки, призначені для споживання людиною або для використання в харчовій промисловості. Виключно продукти з колагену на основі білка, отримані із шкір, шкур, сухожиль та кісток тварин (свиней, свійської птиці та риби). ;vet
;Виключно гідролізовані білки, що складаються з поліпептидів, пептидів, амінокислот або їх сумішей, отримані шляхом гідролізу побічних продуктів тваринного походження (крім призначених для використання як добавка до харчових продуктів (товарна позиція 2106 згідно з УКТЗЕД). Виключно молоко та молочні продукти, призначені для споживання людиною, що не входять до товарної позиції 0404 згідно з УКТЗЕД;vet
3507 10 00 00;Виключно реннет та його концентрати (ферменти, що коагулюють молоко), тваринного походження, призначені для споживання людиною;vet
3507 90 90 00;Виключно ферменти тваринного походження, що використовуються в харчовій промисловості, інші, ніж реннет та його концентрати (ферменти, що коагулюють молоко), інші, ніж ліпопротеїнліпаза, лужна протеаза Aspergillus;vet
3822 00 00 00;"Виключно отримані з продуктів тваринного походження реагенти дiагностичнi або лабораторнi на підкладці i приготовленi (готові) дiагностичнi або лабораторнi реагенти на підкладці або без неї, крiм зазначених у товарних позицiях 3002 або 3006; сертифіковані еталонні матеріали, отримані з продуктів тваринного походження";vet
3825 10 00 00;Відходи міського господарства, що містять продукти тваринного походження;vet
3913 90 00 90;Виключно отримані з продуктів тваринного походження інші полiмери природнi та полiмери природнi модифiкованi (наприклад, затвердiлi протеїни (бiлки), не включенi до iнших товарних позицій, наприклад, хондроїтин сульфат, хітозан, затверділий желатин;vet
3917 10 10 00;Оболонки штучні (для ковбасних виробів) із затверділих протеїнів, що отриманні виключно з продуктів тваринного походження;vet
3926 90 92,;Виключно незаповнені капсули затверділого желатину, призначені для використання як корм;vet
3926 90 97        ;;vet
4101;Шкури необроблені великої рогатої худоби (включаючи буйволів) або тварин родини конячих (свіжі або солоні, сушені, золені, пікельовані або консервовані іншим способом, але недублені, не вироблені під пергамент і не піддані подальшій обробці), з волосяним покривом або без волосяного покриву, спилок або неспилок;vet
4102;Шкури необроблені овець або шкурки ягнят (свіжі або солоні, сушені, золені, пікельовані або консервовані іншим способом, але недублені, не вироблені під пергамент або не піддані подальшій обробці), з вовняним покривом або без вовняного покриву, спилок або неспилок, крім зазначених у примітці 1(c) до цієї групи;vet
4103;Інші шкури необроблені (свіжі або солоні, сушені, золені, пікельовані або консервовані іншим способом, але недублені, не вироблені під пергамент або не піддані подальшій обробці), з волосяним покривом або без волосяного покриву, спилок або неспилок, крім зазначених у примітках 1(b) або 1(c) до цієї групи;vet
4205 00 90 00;Виключно інші вироби з натуральної або композиційної шкіри, що використовуються для виробництва жувальних предметів для домашніх тварин;vet
4206 00 00;Виключно вироби з кишок тварин (крім кетгуту з натурального шовку), синюги, міхурів або сухожиль, що використовуються для виробництва жувальних предметів для домашніх тварин;vet
4301;Виключно сировина хутрова необроблена (включаючи голови, хвости, лапи та інші обрізки, придатні для використання у виробництві хутряних виробів), крім шкірсировини та шкур товарних позицій 4101, 4102 або 4103;vet
5101;Виключно необроблена вовна, не піддана кардо- або гребенечесанню;vet
5102;Виключно необроблений волос, включаючи грубий волос з боків тварин родини бикових і коней;vet
5103;Виключно відходи необроблених вовни або тонкого чи грубого волосу тварин, включаючи відходи від прядіння, за винятком розскубаної сировини;vet
6701 00 00 00;Виключно шкурки та інші частини птахів з пір’ям або пухом, пір’я та пух, частини пір’я, які не становлять частину готових виробів, піддані процесу, відмінному від простої обробки (очищення, дезінфекції або консервації). Виключно необроблені або піддані простому очищенню вироби зі шкурок, пір’я, пуху або частини пір’я, наприклад, окремі пера, стовбури яких зв’язуються дротом або скріплюються разом для використання, наприклад, у капелюшному виробництві, а також окремі складені пера, зібрані з різних компонентів, прикраси, виготовлені з пір’я або пуху, наприклад, для капелюхів, боа, комірів, крім обробленого декоративного пір’я, а також обробленого пір’я, не призначеного для промислових цілей;vet
7101 21 00 00;Виключно устриці, непридатні для споживання людиною, що містять одну або більше культивованих перлин, зберігаються в соляному середовищі або в інший спосіб, запаковані в герметичні металеві контейнери. Виключно перли культивовані необроблені;vet
9602 00 00 00;Виключно незаповнені капсули незатверділого желатину, призначені для використання як харчовий продукт або корм;vet
9705 00 00 00;Колекцiї та предмети колекцiонування iз зоологiї, анатомiї, тваринного походження, крім мисливських трофеїв, отриманих із копитних або птахів, підданих повній таксидермічній обробці, що забезпечує їх зберігання при температурі навколишнього середовища, а також трофеїв, отриманих із диких тварин, відмінних від копитних, і птахів (оброблених або необроблених);vet
